Year,Failures,Mean_AO_pct,Mean_Hazard,WX_Blocked_Days,Queue_Carryover
1,25,100.0,0.0008721572407613719,42,7
2,35,100.0,0.001297428349177963,38,12
3,36,100.0,0.001215397540637615,47,7
